Date,corruption,bribe,verdict,embezzlement,investigation,detention,dollar,million,billion,agency,crime,court,ministry,akim,chief,deputy,district,city,region,offense,Total Crimes
2016-11,54,76.0,6.0,10.0,15.0,20.0,16.0,35.0,6.0,40.0,21.0,28.0,20.0,1.0,4.0,17.0,6.0,5.0,32.0,7.0,3463.0
2016-12,40,24.0,2.0,4.0,11.0,7.0,3.0,15.0,1.0,24.0,6.0,16.0,13.0,6.0,3.0,9.0,4.0,3.0,14.0,6.0,3214.0
2017-01,41,29.0,1.0,1.0,14.0,16.0,4.0,13.0,7.0,7.0,4.0,26.0,8.0,9.0,5.0,16.0,13.0,3.0,14.0,2.0,1137.0
2017-02,24,16.0,15.0,19.0,16.0,10.0,18.0,40.0,11.0,5.0,10.0,43.0,8.0,3.0,5.0,3.0,3.0,9.0,14.0,3.0,1337.0
2017-03,33,26.0,10.0,24.0,26.0,8.0,8.0,45.0,12.0,8.0,30.0,62.0,25.0,12.0,2.0,18.0,17.0,12.0,23.0,7.0,1566.0
2017-04,42,22.0,1.0,13.0,10.0,1.0,20.0,20.0,9.0,13.0,11.0,33.0,14.0,1.0,10.0,18.0,2.0,9.0,18.0,5.0,1802.0
2017-05,13,20.0,9.0,20.0,11.0,1.0,7.0,21.0,7.0,11.0,8.0,49.0,6.0,4.0,5.0,12.0,3.0,7.0,5.0,3.0,2011.0
2017-06,7,15.0,6.0,3.0,3.0,4.0,4.0,10.0,1.0,4.0,5.0,21.0,6.0,1.0,1.0,3.0,1.0,1.0,1.0,2.0,2270.0
2017-07,27,48.0,8.0,4.0,19.0,6.0,44.0,62.0,30.0,3.0,15.0,56.0,5.0,2.0,3.0,6.0,6.0,7.0,26.0,7.0,2424.0
2017-08,16,10.0,5.0,3.0,14.0,1.0,1.0,14.0,1.0,7.0,4.0,14.0,3.0,5.0,1.0,3.0,1.0,1.0,5.0,2.0,2577.0
2017-09,6,31.0,23.0,2.0,5.0,3.0,3.0,12.0,1.0,3.0,3.0,30.0,1.0,2.0,1.0,3.0,7.0,1.0,12.0,1.0,2738.0
2017-10,61,54.0,13.0,15.0,42.0,9.0,29.0,24.0,9.0,4.0,23.0,44.0,8.0,9.0,3.0,18.0,9.0,9.0,32.0,1.0,2898.0
2017-11,58,35.0,10.0,8.0,20.0,5.0,23.0,24.0,22.0,11.0,27.0,48.0,6.0,9.0,5.0,12.0,9.0,8.0,11.0,2.0,3059.0
2017-12,17,40.0,29.0,4.0,14.0,4.0,16.0,32.0,14.0,2.0,10.0,43.0,5.0,8.0,5.0,10.0,4.0,3.0,10.0,3.0,2965.0
2018-01,29,42.0,8.0,7.0,17.0,2.0,18.0,36.0,13.0,20.0,21.0,92.0,5.0,1.0,6.0,3.0,1.0,2.0,8.0,6.0,1621.0
2018-02,50,65.0,11.0,16.0,17.0,12.0,11.0,49.0,3.0,7.0,27.0,127.0,14.0,2.0,1.0,9.0,5.0,2.0,7.0,6.0,1259.0
2018-03,20,99.0,24.0,5.0,12.0,6.0,11.0,46.0,14.0,7.0,17.0,116.0,3.0,6.0,11.0,20.0,8.0,5.0,17.0,5.0,1450.0
2018-04,16,27.0,4.0,8.0,1.0,2.0,10.0,20.0,10.0,8.0,10.0,21.0,4.0,3.0,2.0,1.0,1.0,1.0,7.0,3.0,1621.0
2018-05,43,21.0,16.0,9.0,4.0,1.0,5.0,10.0,2.0,5.0,4.0,28.0,1.0,1.0,3.0,4.0,1.0,1.0,17.0,3.0,1909.0
2018-06,52,30.0,6.0,6.0,12.0,8.0,18.0,30.0,10.0,15.0,12.0,24.0,14.0,3.0,7.0,12.0,3.0,1.0,10.0,8.0,2161.0
2018-07,19,16.0,4.0,5.0,6.0,3.0,3.0,4.0,1.0,8.0,15.0,22.0,3.0,7.0,3.0,12.0,4.0,1.0,20.0,4.0,2285.0
2018-08,46,17.0,1.0,9.0,11.0,2.0,13.0,28.0,4.0,16.0,7.0,12.0,9.0,9.0,1.0,8.0,5.0,1.0,19.0,5.0,2415.0
2018-09,46,21.0,3.0,3.0,14.0,5.0,5.0,17.0,1.0,18.0,9.0,26.0,5.0,9.0,3.0,16.0,9.0,1.0,23.0,14.0,2626.0
2018-10,44,14.0,2.0,8.0,22.0,8.0,7.0,20.0,9.0,23.0,3.0,21.0,23.0,5.0,12.0,12.0,11.0,1.0,28.0,10.0,2756.0
2018-11,35,18.0,1.0,8.0,17.0,13.0,13.0,23.0,4.0,16.0,5.0,18.0,10.0,10.0,1.0,11.0,3.0,5.0,24.0,1.0,2886.0
2018-12,33,11.0,11.0,2.0,4.0,1.0,4.0,6.0,1.0,7.0,7.0,16.0,3.0,1.0,1.0,1.0,1.0,2.0,8.0,2.0,2841.0
2019-01,36,20.0,1.0,6.0,25.0,7.0,9.0,32.0,2.0,20.0,1.0,17.0,9.0,19.0,9.0,14.0,10.0,4.0,29.0,2.0,1029.0
2019-02,46,38.0,4.0,3.0,32.0,14.0,5.0,19.0,3.0,14.0,11.0,39.0,10.0,9.0,19.0,30.0,10.0,3.0,46.0,7.0,1256.0
2019-03,39,35.0,1.0,1.0,16.0,6.0,10.0,29.0,6.0,9.0,11.0,9.0,1.0,5.0,2.0,11.0,7.0,3.0,25.0,5.0,1583.0
2019-04,21,16.0,1.0,4.0,17.0,6.0,2.0,6.0,2.0,13.0,2.0,13.0,8.0,4.0,7.0,5.0,5.0,2.0,24.0,1.0,1793.0
2019-05,27,2.0,1.0,1.0,1.0,1.0,1.0,2.0,1.0,1.0,5.0,1.0,3.0,2.0,1.0,3.0,2.0,1.0,13.0,1.0,1946.0
2019-06,46,17.0,5.0,4.0,14.0,2.0,1.0,10.0,4.0,22.0,8.0,16.0,2.0,4.0,4.0,7.0,5.0,4.0,25.0,3.0,2064.0
2019-07,71,45.0,15.0,7.0,25.0,11.0,5.0,27.0,1.0,68.0,6.0,78.0,18.0,1.0,8.0,21.0,5.0,5.0,43.0,7.0,2182.0
2019-08,32,7.0,10.0,4.0,6.0,1.0,10.0,23.0,3.0,29.0,6.0,13.0,10.0,10.0,1.0,5.0,6.0,10.0,23.0,1.0,2300.0
2019-09,27,52.0,5.0,10.0,33.0,7.0,3.0,22.0,3.0,9.0,5.0,35.0,4.0,16.0,13.0,23.0,27.0,17.0,33.0,1.0,2553.0
2019-10,58,98.0,26.0,17.0,55.0,12.0,9.0,53.0,8.0,23.0,35.0,93.0,16.0,8.0,37.0,22.0,26.0,11.0,92.0,13.0,2663.0
2019-11,42,36.0,17.0,9.0,26.0,7.0,12.0,34.0,2.0,14.0,21.0,45.0,3.0,14.0,6.0,11.0,14.0,10.0,38.0,2.0,2754.0
2019-12,37,27.0,10.0,16.0,38.0,4.0,9.0,36.0,12.0,19.0,19.0,52.0,7.0,30.0,7.0,28.0,15.0,20.0,36.0,6.0,2720.0
2020-01,40,39.0,4.0,20.0,28.0,8.0,8.0,32.0,13.0,16.0,16.0,37.0,4.0,15.0,6.0,19.0,20.0,5.0,28.0,2.0,1080.0
2020-02,81,51.0,15.0,11.0,25.0,9.0,9.0,53.0,9.0,29.0,27.0,42.0,24.0,9.0,15.0,17.0,4.0,9.0,59.0,4.0,1255.0
2020-03,20,22.0,3.0,4.0,9.0,3.0,2.0,19.0,5.0,13.0,2.0,26.0,5.0,9.0,1.0,6.0,2.0,1.0,22.0,3.0,1395.0
2020-04,82,29.0,5.0,10.0,20.0,3.0,2.0,14.0,3.0,58.0,12.0,17.0,5.0,10.0,8.0,21.0,19.0,19.0,41.0,8.0,1619.0
2020-05,36,28.0,10.0,26.0,43.0,11.0,3.0,28.0,6.0,25.0,9.0,24.0,7.0,8.0,13.0,11.0,15.0,4.0,43.0,4.0,1842.0
2020-06,45,39.0,7.0,29.0,52.0,7.0,1.0,47.0,7.0,32.0,16.0,30.0,19.0,18.0,1.0,21.0,17.0,9.0,58.0,4.0,2057.0
2020-07,40,12.0,1.0,11.0,17.0,2.0,7.0,8.0,3.0,23.0,8.0,9.0,4.0,8.0,6.0,6.0,3.0,10.0,16.0,1.0,2195.0
2020-08,93,31.0,15.0,23.0,23.0,13.0,4.0,37.0,11.0,24.0,31.0,52.0,19.0,43.0,14.0,31.0,12.0,18.0,62.0,16.0,2333.0
2020-09,51,25.0,7.0,9.0,29.0,16.0,7.0,37.0,9.0,26.0,10.0,14.0,8.0,16.0,11.0,21.0,1.0,14.0,33.0,1.0,2593.0
2020-10,26,21.0,3.0,7.0,19.0,5.0,3.0,11.0,2.0,8.0,16.0,13.0,4.0,6.0,1.0,6.0,3.0,4.0,22.0,1.0,2725.0
2020-11,15,5.0,2.0,4.0,7.0,1.0,1.0,5.0,1.0,11.0,2.0,6.0,8.0,2.0,1.0,3.0,2.0,5.0,5.0,2.0,2895.0
2020-12,17,10.0,9.0,6.0,3.0,2.0,4.0,23.0,4.0,2.0,11.0,12.0,4.0,9.0,7.0,14.0,3.0,7.0,9.0,1.0,2674.0
2021-01,27,21.0,5.0,10.0,23.0,6.0,3.0,24.0,8.0,10.0,8.0,34.0,1.0,2.0,4.0,4.0,2.0,8.0,11.0,3.0,896.0
2021-02,28,22.0,8.0,9.0,9.0,10.0,1.0,12.0,1.0,8.0,12.0,17.0,8.0,11.0,8.0,14.0,7.0,4.0,26.0,3.0,1047.0
2021-03,15,13.0,10.0,10.0,1.0,1.0,1.0,28.0,3.0,10.0,6.0,24.0,7.0,1.0,1.0,3.0,6.0,2.0,10.0,4.0,1168.0
2021-04,37,5.0,4.0,4.0,8.0,1.0,1.0,8.0,5.0,25.0,18.0,5.0,4.0,3.0,1.0,14.0,1.0,1.0,6.0,2.0,1275.0
2021-05,18,4.0,3.0,1.0,12.0,1.0,2.0,10.0,1.0,3.0,6.0,17.0,1.0,3.0,1.0,1.0,1.0,2.0,8.0,2.0,1443.0
2021-06,16,7.0,1.0,2.0,4.0,1.0,1.0,3.0,1.0,6.0,1.0,6.0,1.0,4.0,1.0,7.0,1.0,2.0,6.0,1.0,1523.0
2021-07,14,8.0,1.0,4.0,12.0,3.0,1.0,3.0,2.0,13.0,4.0,2.0,2.0,2.0,1.0,6.0,1.0,1.0,12.0,2.0,1647.0
2021-08,4,12.0,1.0,2.0,3.0,3.0,1.0,6.0,1.0,5.0,1.0,3.0,2.0,7.0,1.0,6.0,5.0,1.0,9.0,1.0,1803.0
2021-09,14,13.0,2.0,3.0,3.0,1.0,1.0,7.0,1.0,10.0,1.0,7.0,8.0,1.0,1.0,2.0,3.0,3.0,7.0,2.0,1914.0
2021-10,8,1.0,1.0,4.0,4.0,1.0,1.0,1.0,2.0,8.0,4.0,1.0,11.0,1.0,1.0,2.0,1.0,1.0,6.0,2.0,1979.0
2021-11,15,2.0,2.0,11.0,7.0,1.0,1.0,3.0,4.0,8.0,8.0,7.0,6.0,10.0,1.0,1.0,4.0,3.0,16.0,1.0,2087.0
2021-12,14,14.0,5.0,8.0,8.0,9.0,2.0,15.0,1.0,10.0,10.0,26.0,1.0,31.0,1.0,26.0,4.0,8.0,31.0,2.0,2046.0
2022-01,6,2.0,1.0,1.0,1.0,1.0,4.0,1.0,2.0,1.0,1.0,1.0,1.0,3.0,1.0,1.0,1.0,1.0,2.0,1.0,853.0
2022-02,50,6.0,1.0,3.0,9.0,3.0,4.0,7.0,3.0,26.0,1.0,8.0,6.0,8.0,7.0,13.0,1.0,5.0,13.0,5.0,1069.0
2022-03,15,3.0,1.0,3.0,17.0,2.0,5.0,4.0,2.0,4.0,2.0,1.0,5.0,1.0,1.0,8.0,1.0,1.0,9.0,4.0,1259.0
2022-04,18,18.0,7.0,4.0,6.0,5.0,3.0,6.0,6.0,5.0,4.0,19.0,2.0,1.0,11.0,6.0,2.0,5.0,12.0,2.0,1449.0
2022-05,13,13.0,3.0,1.0,4.0,4.0,1.0,7.0,3.0,12.0,1.0,13.0,1.0,7.0,3.0,6.0,2.0,2.0,8.0,4.0,1638.0
2022-06,10,6.0,3.0,1.0,3.0,1.0,7.0,8.0,8.0,6.0,6.0,10.0,1.0,3.0,1.0,2.0,10.0,22.0,9.0,1.0,1828.0
2022-07,20,19.0,7.0,3.0,5.0,1.0,12.0,14.0,5.0,6.0,7.0,16.0,2.0,5.0,4.0,3.0,3.0,4.0,6.0,2.0,1920.0
2022-08,16,4.0,4.0,2.0,6.0,2.0,4.0,7.0,1.0,6.0,7.0,15.0,1.0,12.0,5.0,7.0,3.0,4.0,11.0,2.0,1973.0
2022-09,9,10.0,8.0,1.0,2.0,1.0,1.0,3.0,1.0,3.0,1.0,12.0,1.0,4.0,1.0,3.0,1.0,2.0,8.0,5.0,2045.0
2022-10,51,14.0,7.0,10.0,2.0,4.0,2.0,12.0,10.0,11.0,23.0,15.0,1.0,3.0,1.0,4.0,2.0,3.0,11.0,3.0,2084.0
2022-11,1,7.0,4.0,1.0,2.0,1.0,1.0,8.0,2.0,2.0,3.0,10.0,2.0,2.0,2.0,3.0,2.0,2.0,8.0,1.0,2180.0
2022-12,35,13.0,3.0,1.0,11.0,2.0,1.0,11.0,4.0,10.0,5.0,8.0,4.0,1.0,1.0,4.0,1.0,1.0,2.0,4.0,2191.0
2023-01,11,14.0,7.0,2.0,9.0,1.0,2.0,12.0,7.0,2.0,4.0,11.0,1.0,2.0,2.0,6.0,2.0,5.0,14.0,3.0,827.0
2023-02,7,12.0,4.0,1.0,5.0,1.0,1.0,6.0,1.0,1.0,7.0,15.0,2.0,5.0,1.0,2.0,3.0,1.0,19.0,1.0,991.0
2023-03,9,6.0,4.0,1.0,5.0,1.0,1.0,4.0,3.0,2.0,1.0,15.0,3.0,1.0,1.0,1.0,2.0,4.0,6.0,1.0,1088.0
2023-04,18,24.0,8.0,16.0,9.0,4.0,2.0,11.0,17.0,11.0,4.0,16.0,4.0,6.0,7.0,7.0,6.0,5.0,6.0,4.0,1221.0
2023-05,31,8.0,5.0,2.0,9.0,4.0,10.0,11.0,20.0,9.0,11.0,10.0,18.0,1.0,4.0,5.0,2.0,4.0,15.0,9.0,1346.0
2023-06,7,17.0,10.0,9.0,9.0,1.0,3.0,8.0,6.0,8.0,6.0,16.0,2.0,1.0,2.0,9.0,1.0,5.0,10.0,5.0,1465.0
2023-07,13,7.0,7.0,14.0,14.0,4.0,1.0,20.0,9.0,13.0,3.0,25.0,14.0,2.0,5.0,5.0,7.0,7.0,20.0,7.0,1595.0
2023-08,8,17.0,12.0,4.0,3.0,3.0,6.0,13.0,7.0,1.0,2.0,23.0,2.0,22.0,3.0,7.0,5.0,11.0,23.0,9.0,1700.0
2023-09,33,15.0,11.0,10.0,10.0,9.0,4.0,17.0,1.0,9.0,9.0,42.0,5.0,9.0,9.0,12.0,3.0,7.0,21.0,8.0,1808.0
2023-10,14,22.0,9.0,5.0,4.0,2.0,4.0,20.0,7.0,3.0,3.0,44.0,1.0,7.0,1.0,12.0,1.0,3.0,7.0,11.0,1889.0
2023-11,19,27.0,20.0,5.0,25.0,10.0,7.0,44.0,12.0,10.0,11.0,106.0,3.0,28.0,1.0,33.0,3.0,11.0,24.0,15.0,1984.0
2023-12,13,28.0,16.0,1.0,3.0,3.0,3.0,18.0,4.0,4.0,6.0,48.0,11.0,9.0,3.0,1.0,5.0,8.0,20.0,6.0,2133.0
2024-01,21,39.0,14.0,19.0,19.0,12.0,14.0,37.0,8.0,10.0,7.0,64.0,3.0,16.0,4.0,17.0,15.0,12.0,31.0,7.0,811.0
2024-02,44,19.0,11.0,13.0,17.0,8.0,5.0,20.0,25.0,14.0,10.0,22.0,17.0,19.0,4.0,7.0,7.0,9.0,26.0,2.0,1054.0
2024-03,5,10.0,6.0,2.0,10.0,6.0,2.0,15.0,5.0,8.0,6.0,21.0,8.0,2.0,2.0,4.0,2.0,5.0,12.0,2.0,1167.0
2024-04,22,13.0,11.0,6.0,9.0,2.0,4.0,29.0,32.0,6.0,9.0,24.0,3.0,10.0,1.0,6.0,5.0,1.0,13.0,1.0,1297.0
2024-05,11,12.0,3.0,2.0,9.0,3.0,1.0,11.0,10.0,8.0,1.0,14.0,7.0,3.0,2.0,1.0,2.0,2.0,11.0,2.0,1452.0
2024-06,20,21.0,12.0,1.0,11.0,4.0,2.0,14.0,7.0,11.0,8.0,25.0,4.0,2.0,6.0,6.0,3.0,4.0,12.0,1.0,1531.0
2024-07,28,26.0,31.0,34.0,26.0,7.0,2.0,26.0,21.0,11.0,3.0,47.0,13.0,6.0,12.0,7.0,2.0,3.0,31.0,6.0,1693.0
2024-08,10,16.0,20.0,11.0,12.0,5.0,2.0,30.0,4.0,6.0,5.0,41.0,5.0,5.0,3.0,7.0,7.0,4.0,19.0,5.0,1769.0
2024-09,20,16.0,14.0,12.0,2.0,13.0,1.0,24.0,10.0,9.0,4.0,35.0,13.0,23.0,3.0,9.0,13.0,6.0,22.0,3.0,1903.0
2024-10,25,15.0,3.0,8.0,10.0,1.0,7.0,29.0,25.0,11.0,5.0,13.0,19.0,4.0,3.0,3.0,9.0,7.0,23.0,4.0,1989.0
2024-11,11,26.0,19.0,4.0,17.0,5.0,8.0,24.0,4.0,6.0,4.0,41.0,9.0,6.0,13.0,2.0,6.0,5.0,26.0,7.0,2100.0
2024-12,28,9.0,12.0,8.0,7.0,7.0,5.0,18.0,16.0,9.0,8.0,30.0,7.0,1.0,4.0,8.0,6.0,7.0,20.0,2.0,2098.0
2025-01,51,40.0,28.0,5.0,10.0,3.0,4.0,22.0,10.0,21.0,19.0,32.0,6.0,5.0,9.0,26.0,3.0,10.0,39.0,15.0,730.0
