Date,corruption,bribe,verdict,embezzlement,investigation,detention,dollar,million,billion,agency,crime,court,ministry,akim,chief,deputy,district,city,region,offense
2016-11-30,54,76.0,6.0,10.0,15.0,20.0,16.0,35.0,6.0,40.0,21.0,28.0,20.0,1.0,4.0,17.0,6.0,5.0,32.0,7.0
2016-12-31,40,24.0,2.0,4.0,11.0,7.0,3.0,15.0,1.0,24.0,6.0,16.0,13.0,6.0,3.0,9.0,4.0,3.0,14.0,6.0
2017-01-31,41,29.0,1.0,1.0,14.0,16.0,4.0,13.0,7.0,7.0,4.0,26.0,8.0,9.0,5.0,16.0,13.0,3.0,14.0,2.0
2017-02-28,24,16.0,15.0,19.0,16.0,10.0,18.0,40.0,11.0,5.0,10.0,43.0,8.0,3.0,5.0,3.0,3.0,9.0,14.0,3.0
2017-03-31,33,26.0,10.0,24.0,26.0,8.0,8.0,45.0,12.0,8.0,30.0,62.0,25.0,12.0,2.0,18.0,17.0,12.0,23.0,7.0
2017-04-30,42,22.0,1.0,13.0,10.0,1.0,20.0,20.0,9.0,13.0,11.0,33.0,14.0,1.0,10.0,18.0,2.0,9.0,18.0,5.0
2017-05-31,13,20.0,9.0,20.0,11.0,1.0,7.0,21.0,7.0,11.0,8.0,49.0,6.0,4.0,5.0,12.0,3.0,7.0,5.0,3.0
2017-06-30,7,15.0,6.0,3.0,3.0,4.0,4.0,10.0,1.0,4.0,5.0,21.0,6.0,1.0,1.0,3.0,1.0,1.0,1.0,2.0
2017-07-31,27,48.0,8.0,4.0,19.0,6.0,44.0,62.0,30.0,3.0,15.0,56.0,5.0,2.0,3.0,6.0,6.0,7.0,26.0,7.0
2017-08-31,16,10.0,5.0,3.0,14.0,1.0,1.0,14.0,1.0,7.0,4.0,14.0,3.0,5.0,1.0,3.0,1.0,1.0,5.0,2.0
2017-09-30,6,31.0,23.0,2.0,5.0,3.0,3.0,12.0,1.0,3.0,3.0,30.0,1.0,2.0,1.0,3.0,7.0,1.0,12.0,1.0
2017-10-31,61,54.0,13.0,15.0,42.0,9.0,29.0,24.0,9.0,4.0,23.0,44.0,8.0,9.0,3.0,18.0,9.0,9.0,32.0,1.0
2017-11-30,58,35.0,10.0,8.0,20.0,5.0,23.0,24.0,22.0,11.0,27.0,48.0,6.0,9.0,5.0,12.0,9.0,8.0,11.0,2.0
2017-12-31,17,40.0,29.0,4.0,14.0,4.0,16.0,32.0,14.0,2.0,10.0,43.0,5.0,8.0,5.0,10.0,4.0,3.0,10.0,3.0
2018-01-31,29,42.0,8.0,7.0,17.0,2.0,18.0,36.0,13.0,20.0,21.0,92.0,5.0,1.0,6.0,3.0,1.0,2.0,8.0,6.0
2018-02-28,50,65.0,11.0,16.0,17.0,12.0,11.0,49.0,3.0,7.0,27.0,127.0,14.0,2.0,1.0,9.0,5.0,2.0,7.0,6.0
2018-03-31,20,99.0,24.0,5.0,12.0,6.0,11.0,46.0,14.0,7.0,17.0,116.0,3.0,6.0,11.0,20.0,8.0,5.0,17.0,5.0
2018-04-30,16,27.0,4.0,8.0,1.0,2.0,10.0,20.0,10.0,8.0,10.0,21.0,4.0,3.0,2.0,1.0,1.0,1.0,7.0,3.0
2018-05-31,43,21.0,16.0,9.0,4.0,1.0,5.0,10.0,2.0,5.0,4.0,28.0,1.0,1.0,3.0,4.0,1.0,1.0,17.0,3.0
2018-06-30,52,30.0,6.0,6.0,12.0,8.0,18.0,30.0,10.0,15.0,12.0,24.0,14.0,3.0,7.0,12.0,3.0,1.0,10.0,8.0
2018-07-31,19,16.0,4.0,5.0,6.0,3.0,3.0,4.0,1.0,8.0,15.0,22.0,3.0,7.0,3.0,12.0,4.0,1.0,20.0,4.0
2018-08-31,46,17.0,1.0,9.0,11.0,2.0,13.0,28.0,4.0,16.0,7.0,12.0,9.0,9.0,1.0,8.0,5.0,1.0,19.0,5.0
2018-09-30,46,21.0,3.0,3.0,14.0,5.0,5.0,17.0,1.0,18.0,9.0,26.0,5.0,9.0,3.0,16.0,9.0,1.0,23.0,14.0
2018-10-31,44,14.0,2.0,8.0,22.0,8.0,7.0,20.0,9.0,23.0,3.0,21.0,23.0,5.0,12.0,12.0,11.0,1.0,28.0,10.0
2018-11-30,35,18.0,1.0,8.0,17.0,13.0,13.0,23.0,4.0,16.0,5.0,18.0,10.0,10.0,1.0,11.0,3.0,5.0,24.0,1.0
2018-12-31,33,11.0,11.0,2.0,4.0,1.0,4.0,6.0,1.0,7.0,7.0,16.0,3.0,1.0,1.0,1.0,1.0,2.0,8.0,2.0
2019-01-31,36,20.0,1.0,6.0,25.0,7.0,9.0,32.0,2.0,20.0,1.0,17.0,9.0,19.0,9.0,14.0,10.0,4.0,29.0,2.0
2019-02-28,46,38.0,4.0,3.0,32.0,14.0,5.0,19.0,3.0,14.0,11.0,39.0,10.0,9.0,19.0,30.0,10.0,3.0,46.0,7.0
2019-03-31,39,35.0,1.0,1.0,16.0,6.0,10.0,29.0,6.0,9.0,11.0,9.0,1.0,5.0,2.0,11.0,7.0,3.0,25.0,5.0
2019-04-30,21,16.0,1.0,4.0,17.0,6.0,2.0,6.0,2.0,13.0,2.0,13.0,8.0,4.0,7.0,5.0,5.0,2.0,24.0,1.0
2019-05-31,27,2.0,1.0,1.0,1.0,1.0,1.0,2.0,1.0,1.0,5.0,1.0,3.0,2.0,1.0,3.0,2.0,1.0,13.0,1.0
2019-06-30,46,17.0,5.0,4.0,14.0,2.0,1.0,10.0,4.0,22.0,8.0,16.0,2.0,4.0,4.0,7.0,5.0,4.0,25.0,3.0
2019-07-31,71,45.0,15.0,7.0,25.0,11.0,5.0,27.0,1.0,68.0,6.0,78.0,18.0,1.0,8.0,21.0,5.0,5.0,43.0,7.0
2019-08-31,32,7.0,10.0,4.0,6.0,1.0,10.0,23.0,3.0,29.0,6.0,13.0,10.0,10.0,1.0,5.0,6.0,10.0,23.0,1.0
2019-09-30,27,52.0,5.0,10.0,33.0,7.0,3.0,22.0,3.0,9.0,5.0,35.0,4.0,16.0,13.0,23.0,27.0,17.0,33.0,1.0
2019-10-31,58,98.0,26.0,17.0,55.0,12.0,9.0,53.0,8.0,23.0,35.0,93.0,16.0,8.0,37.0,22.0,26.0,11.0,92.0,13.0
2019-11-30,42,36.0,17.0,9.0,26.0,7.0,12.0,34.0,2.0,14.0,21.0,45.0,3.0,14.0,6.0,11.0,14.0,10.0,38.0,2.0
2019-12-31,37,27.0,10.0,16.0,38.0,4.0,9.0,36.0,12.0,19.0,19.0,52.0,7.0,30.0,7.0,28.0,15.0,20.0,36.0,6.0
2020-01-31,40,39.0,4.0,20.0,28.0,8.0,8.0,32.0,13.0,16.0,16.0,37.0,4.0,15.0,6.0,19.0,20.0,5.0,28.0,2.0
2020-02-29,81,51.0,15.0,11.0,25.0,9.0,9.0,53.0,9.0,29.0,27.0,42.0,24.0,9.0,15.0,17.0,4.0,9.0,59.0,4.0
2020-03-31,20,22.0,3.0,4.0,9.0,3.0,2.0,19.0,5.0,13.0,2.0,26.0,5.0,9.0,1.0,6.0,2.0,1.0,22.0,3.0
2020-04-30,82,29.0,5.0,10.0,20.0,3.0,2.0,14.0,3.0,58.0,12.0,17.0,5.0,10.0,8.0,21.0,19.0,19.0,41.0,8.0
2020-05-31,36,28.0,10.0,26.0,43.0,11.0,3.0,28.0,6.0,25.0,9.0,24.0,7.0,8.0,13.0,11.0,15.0,4.0,43.0,4.0
2020-06-30,45,39.0,7.0,29.0,52.0,7.0,1.0,47.0,7.0,32.0,16.0,30.0,19.0,18.0,1.0,21.0,17.0,9.0,58.0,4.0
2020-07-31,40,12.0,1.0,11.0,17.0,2.0,7.0,8.0,3.0,23.0,8.0,9.0,4.0,8.0,6.0,6.0,3.0,10.0,16.0,1.0
2020-08-31,93,31.0,15.0,23.0,23.0,13.0,4.0,37.0,11.0,24.0,31.0,52.0,19.0,43.0,14.0,31.0,12.0,18.0,62.0,16.0
2020-09-30,51,25.0,7.0,9.0,29.0,16.0,7.0,37.0,9.0,26.0,10.0,14.0,8.0,16.0,11.0,21.0,1.0,14.0,33.0,1.0
2020-10-31,26,21.0,3.0,7.0,19.0,5.0,3.0,11.0,2.0,8.0,16.0,13.0,4.0,6.0,1.0,6.0,3.0,4.0,22.0,1.0
2020-11-30,15,5.0,2.0,4.0,7.0,1.0,1.0,5.0,1.0,11.0,2.0,6.0,8.0,2.0,1.0,3.0,2.0,5.0,5.0,2.0
2020-12-31,17,10.0,9.0,6.0,3.0,2.0,4.0,23.0,4.0,2.0,11.0,12.0,4.0,9.0,7.0,14.0,3.0,7.0,9.0,1.0
2021-01-31,27,21.0,5.0,10.0,23.0,6.0,3.0,24.0,8.0,10.0,8.0,34.0,1.0,2.0,4.0,4.0,2.0,8.0,11.0,3.0
2021-02-28,28,22.0,8.0,9.0,9.0,10.0,1.0,12.0,1.0,8.0,12.0,17.0,8.0,11.0,8.0,14.0,7.0,4.0,26.0,3.0
2021-03-31,15,13.0,10.0,10.0,1.0,1.0,1.0,28.0,3.0,10.0,6.0,24.0,7.0,1.0,1.0,3.0,6.0,2.0,10.0,4.0
2021-04-30,37,5.0,4.0,4.0,8.0,1.0,1.0,8.0,5.0,25.0,18.0,5.0,4.0,3.0,1.0,14.0,1.0,1.0,6.0,2.0
2021-05-31,18,4.0,3.0,1.0,12.0,1.0,2.0,10.0,1.0,3.0,6.0,17.0,1.0,3.0,1.0,1.0,1.0,2.0,8.0,2.0
2021-06-30,16,7.0,1.0,2.0,4.0,1.0,1.0,3.0,1.0,6.0,1.0,6.0,1.0,4.0,1.0,7.0,1.0,2.0,6.0,1.0
2021-07-31,14,8.0,1.0,4.0,12.0,3.0,1.0,3.0,2.0,13.0,4.0,2.0,2.0,2.0,1.0,6.0,1.0,1.0,12.0,2.0
2021-08-31,4,12.0,1.0,2.0,3.0,3.0,1.0,6.0,1.0,5.0,1.0,3.0,2.0,7.0,1.0,6.0,5.0,1.0,9.0,1.0
2021-09-30,14,13.0,2.0,3.0,3.0,1.0,1.0,7.0,1.0,10.0,1.0,7.0,8.0,1.0,1.0,2.0,3.0,3.0,7.0,2.0
2021-10-31,8,1.0,1.0,4.0,4.0,1.0,1.0,1.0,2.0,8.0,4.0,1.0,11.0,1.0,1.0,2.0,1.0,1.0,6.0,2.0
2021-11-30,15,2.0,2.0,11.0,7.0,1.0,1.0,3.0,4.0,8.0,8.0,7.0,6.0,10.0,1.0,1.0,4.0,3.0,16.0,1.0
2021-12-31,14,14.0,5.0,8.0,8.0,9.0,2.0,15.0,1.0,10.0,10.0,26.0,1.0,31.0,1.0,26.0,4.0,8.0,31.0,2.0
2022-01-31,6,2.0,1.0,1.0,1.0,1.0,4.0,1.0,2.0,1.0,1.0,1.0,1.0,3.0,1.0,1.0,1.0,1.0,2.0,1.0
2022-02-28,50,6.0,1.0,3.0,9.0,3.0,4.0,7.0,3.0,26.0,1.0,8.0,6.0,8.0,7.0,13.0,1.0,5.0,13.0,5.0
2022-03-31,15,3.0,1.0,3.0,17.0,2.0,5.0,4.0,2.0,4.0,2.0,1.0,5.0,1.0,1.0,8.0,1.0,1.0,9.0,4.0
2022-04-30,18,18.0,7.0,4.0,6.0,5.0,3.0,6.0,6.0,5.0,4.0,19.0,2.0,1.0,11.0,6.0,2.0,5.0,12.0,2.0
2022-05-31,13,13.0,3.0,1.0,4.0,4.0,1.0,7.0,3.0,12.0,1.0,13.0,1.0,7.0,3.0,6.0,2.0,2.0,8.0,4.0
2022-06-30,10,6.0,3.0,1.0,3.0,1.0,7.0,8.0,8.0,6.0,6.0,10.0,1.0,3.0,1.0,2.0,10.0,22.0,9.0,1.0
2022-07-31,20,19.0,7.0,3.0,5.0,1.0,12.0,14.0,5.0,6.0,7.0,16.0,2.0,5.0,4.0,3.0,3.0,4.0,6.0,2.0
2022-08-31,16,4.0,4.0,2.0,6.0,2.0,4.0,7.0,1.0,6.0,7.0,15.0,1.0,12.0,5.0,7.0,3.0,4.0,11.0,2.0
2022-09-30,9,10.0,8.0,1.0,2.0,1.0,1.0,3.0,1.0,3.0,1.0,12.0,1.0,4.0,1.0,3.0,1.0,2.0,8.0,5.0
2022-10-31,51,14.0,7.0,10.0,2.0,4.0,2.0,12.0,10.0,11.0,23.0,15.0,1.0,3.0,1.0,4.0,2.0,3.0,11.0,3.0
2022-11-30,1,7.0,4.0,1.0,2.0,1.0,1.0,8.0,2.0,2.0,3.0,10.0,2.0,2.0,2.0,3.0,2.0,2.0,8.0,1.0
2022-12-31,35,13.0,3.0,1.0,11.0,2.0,1.0,11.0,4.0,10.0,5.0,8.0,4.0,1.0,1.0,4.0,1.0,1.0,2.0,4.0
2023-01-31,11,14.0,7.0,2.0,9.0,1.0,2.0,12.0,7.0,2.0,4.0,11.0,1.0,2.0,2.0,6.0,2.0,5.0,14.0,3.0
2023-02-28,7,12.0,4.0,1.0,5.0,1.0,1.0,6.0,1.0,1.0,7.0,15.0,2.0,5.0,1.0,2.0,3.0,1.0,19.0,1.0
2023-03-31,9,6.0,4.0,1.0,5.0,1.0,1.0,4.0,3.0,2.0,1.0,15.0,3.0,1.0,1.0,1.0,2.0,4.0,6.0,1.0
2023-04-30,18,24.0,8.0,16.0,9.0,4.0,2.0,11.0,17.0,11.0,4.0,16.0,4.0,6.0,7.0,7.0,6.0,5.0,6.0,4.0
2023-05-31,31,8.0,5.0,2.0,9.0,4.0,10.0,11.0,20.0,9.0,11.0,10.0,18.0,1.0,4.0,5.0,2.0,4.0,15.0,9.0
2023-06-30,7,17.0,10.0,9.0,9.0,1.0,3.0,8.0,6.0,8.0,6.0,16.0,2.0,1.0,2.0,9.0,1.0,5.0,10.0,5.0
2023-07-31,13,7.0,7.0,14.0,14.0,4.0,1.0,20.0,9.0,13.0,3.0,25.0,14.0,2.0,5.0,5.0,7.0,7.0,20.0,7.0
2023-08-31,8,17.0,12.0,4.0,3.0,3.0,6.0,13.0,7.0,1.0,2.0,23.0,2.0,22.0,3.0,7.0,5.0,11.0,23.0,9.0
2023-09-30,33,15.0,11.0,10.0,10.0,9.0,4.0,17.0,1.0,9.0,9.0,42.0,5.0,9.0,9.0,12.0,3.0,7.0,21.0,8.0
2023-10-31,14,22.0,9.0,5.0,4.0,2.0,4.0,20.0,7.0,3.0,3.0,44.0,1.0,7.0,1.0,12.0,1.0,3.0,7.0,11.0
2023-11-30,19,27.0,20.0,5.0,25.0,10.0,7.0,44.0,12.0,10.0,11.0,106.0,3.0,28.0,1.0,33.0,3.0,11.0,24.0,15.0
2023-12-31,13,28.0,16.0,1.0,3.0,3.0,3.0,18.0,4.0,4.0,6.0,48.0,11.0,9.0,3.0,1.0,5.0,8.0,20.0,6.0
2024-01-31,21,39.0,14.0,19.0,19.0,12.0,14.0,37.0,8.0,10.0,7.0,64.0,3.0,16.0,4.0,17.0,15.0,12.0,31.0,7.0
2024-02-29,44,19.0,11.0,13.0,17.0,8.0,5.0,20.0,25.0,14.0,10.0,22.0,17.0,19.0,4.0,7.0,7.0,9.0,26.0,2.0
2024-03-31,5,10.0,6.0,2.0,10.0,6.0,2.0,15.0,5.0,8.0,6.0,21.0,8.0,2.0,2.0,4.0,2.0,5.0,12.0,2.0
2024-04-30,22,13.0,11.0,6.0,9.0,2.0,4.0,29.0,32.0,6.0,9.0,24.0,3.0,10.0,1.0,6.0,5.0,1.0,13.0,1.0
2024-05-31,11,12.0,3.0,2.0,9.0,3.0,1.0,11.0,10.0,8.0,1.0,14.0,7.0,3.0,2.0,1.0,2.0,2.0,11.0,2.0
2024-06-30,20,21.0,12.0,1.0,11.0,4.0,2.0,14.0,7.0,11.0,8.0,25.0,4.0,2.0,6.0,6.0,3.0,4.0,12.0,1.0
2024-07-31,28,26.0,31.0,34.0,26.0,7.0,2.0,26.0,21.0,11.0,3.0,47.0,13.0,6.0,12.0,7.0,2.0,3.0,31.0,6.0
2024-08-31,10,16.0,20.0,11.0,12.0,5.0,2.0,30.0,4.0,6.0,5.0,41.0,5.0,5.0,3.0,7.0,7.0,4.0,19.0,5.0
2024-09-30,20,16.0,14.0,12.0,2.0,13.0,1.0,24.0,10.0,9.0,4.0,35.0,13.0,23.0,3.0,9.0,13.0,6.0,22.0,3.0
2024-10-31,25,15.0,3.0,8.0,10.0,1.0,7.0,29.0,25.0,11.0,5.0,13.0,19.0,4.0,3.0,3.0,9.0,7.0,23.0,4.0
2024-11-30,11,26.0,19.0,4.0,17.0,5.0,8.0,24.0,4.0,6.0,4.0,41.0,9.0,6.0,13.0,2.0,6.0,5.0,26.0,7.0
2024-12-31,28,9.0,12.0,8.0,7.0,7.0,5.0,18.0,16.0,9.0,8.0,30.0,7.0,1.0,4.0,8.0,6.0,7.0,20.0,2.0
2025-01-31,51,40.0,28.0,5.0,10.0,3.0,4.0,22.0,10.0,21.0,19.0,32.0,6.0,5.0,9.0,26.0,3.0,10.0,39.0,15.0
